0,http://188.126.45.85/user.html,,,1
1,http://01fb-recover2017.esy.es/recovery-chekpoint-login.html,,,1
2,http://04pebruari.pe.hu/log1.php,,,1
3,http://0576tz.com/js/?app=com-d3,,,1
4,http://0576tz.com/js/?http://us.battle.net/login/en/?ref=http://paxvtwwus.battle.net/d3/en/index,,,1
5,http://0576tz.com/js/?ref=cynvxxlus.battle.net/d3/en/index,,,1
6,http://0576tz.com/js/?ref=http://howacewus.battle.net/d3/en/index&amp,,,1
7,http://0576tz.com/js/?ref=iseqdjdus.battle.net/d3/en/inde/,,,1
8,http://0576tz.com/js?http://us.battle.net/login/en/?ref=http://paxvtwwus.battle.net/d3/en/index,,,1
9,http://0576tz.com/js?ref=cynvxxlus.battle.net/d3/en/index,,,1
10,http://0576tz.com/js?ref=http%3A%2F%2Fujequcxus.battle.net%2Fd3%2Fen%2F	index&amp,,,1
11,http://0s.mfrwg33vnz2hg.m5xw6z3mmuxgg33n.cmle.ru/ServiceLogin,"{""domain_name"": ""CMLE.RU"", ""registrar"": ""REGTIME-RU"", ""creation_date"": ""2012-11-23 09:55:07"", ""expiration_date"": ""2020-11-23 10:55:07"", ""name_servers"": [""dns1.yandex.ru."", ""dns2.yandex.ru.""], ""status"": ""REGISTERED, DELEGATED, UNVERIFIED"", ""emails"": null, ""org"": null}",<Response [200]>,1
12,http://0s.mfrwg33vnz2hg.m5xw6z3mmuxgg33n.mbway.ru/ManageAccount,"{""domain_name"": ""MBWAY.RU"", ""registrar"": ""REGTIME-RU"", ""creation_date"": ""2010-05-20 13:11:57"", ""expiration_date"": ""2021-05-20 14:11:57"", ""name_servers"": [""dns1.yandex.ru."", ""dns2.yandex.ru.""], ""status"": ""REGISTERED, DELEGATED, VERIFIED"", ""emails"": null, ""org"": null}",<Response [200]>,1
13,http://0s.mfrwg33vnz2hg.m5xw6z3mmuxgg33n.nblz.ru/ServiceLogin?service=mail&amp,"{""domain_name"": ""NBLZ.RU"", ""registrar"": ""REGTIME-RU"", ""creation_date"": ""2014-11-15 18:11:12"", ""expiration_date"": ""2020-11-15 18:11:12"", ""name_servers"": [""dns1.yandex.ru."", ""dns2.yandex.ru.""], ""status"": ""REGISTERED, DELEGATED, VERIFIED"", ""emails"": null, ""org"": null}",<Response [200]>,1
14,http://0s.nrxwo2lo.ozvs4y3pnu.cmla.ru/?act=login,"{""domain_name"": ""CMLA.RU"", ""registrar"": ""REGTIME-RU"", ""creation_date"": ""2012-11-23 09:55:06"", ""expiration_date"": ""2020-11-23 10:55:06"", ""name_servers"": [""dns1.yandex.ru."", ""dns2.yandex.ru.""], ""status"": ""REGISTERED, DELEGATED, VERIFIED"", ""emails"": null, ""org"": null}",<Response [200]>,1
15,http://0s.or3ws5dumvzc4y3pnu.drgo.ru/signup,"{""domain_name"": ""DRGO.RU"", ""registrar"": ""REGTIME-RU"", ""creation_date"": ""2010-06-18 10:32:28"", ""expiration_date"": ""2020-06-18 11:32:28"", ""name_servers"": [""dns1.yandex.ru."", ""dns2.yandex.ru.""], ""status"": ""REGISTERED, DELEGATED, VERIFIED"", ""emails"": null, ""org"": null}",<Response [200]>,1
16,http://0s.or3ws5dumvzc4y3pnu.mbway.ru/signup,"{""domain_name"": ""MBWAY.RU"", ""registrar"": ""REGTIME-RU"", ""creation_date"": ""2010-05-20 13:11:57"", ""expiration_date"": ""2021-05-20 14:11:57"", ""name_servers"": [""dns1.yandex.ru."", ""dns2.yandex.ru.""], ""status"": ""REGISTERED, DELEGATED, VERIFIED"", ""emails"": null, ""org"": null}",<Response [200]>,1
17,http://0s.or3ws5dumvzc4y3pnu.xwerty.ru/signup,"{""domain_name"": ""XWERTY.RU"", ""registrar"": ""REGTIME-RU"", ""creation_date"": ""2011-07-16 18:51:45"", ""expiration_date"": ""2020-07-16 19:51:45"", ""name_servers"": [""dns1.yandex.ru."", ""dns2.yandex.ru.""], ""status"": ""REGISTERED, DELEGATED, VERIFIED"", ""emails"": null, ""org"": null}",<Response [200]>,1
18,http://0verseasusa.com/cs1/adobe/,,,1
19,http://0verseasusa.com/idsecure1/doc_secure/login/login.html,,,1
20,http://100.42.48.198/~fruiti/js/prototype/windows/login.htm,,,1
21,http://100.42.48.198/~fruiti/js/prototype/windows/themes/default/feedbackk/express.html,,,1
22,http://1000agres.pt/img/,,,1
23,http://1000avenue.com/Continuous/casts/,,,1
24,http://100clubchicago.org/asset/office/350/,,,1
25,http://100withrow.com/taxandfunds/,,,1
